id,name,district_id
MOH-11031,CMC,LK-11
MOH-11060,Kolonnawa,LK-11
MOH-11091,Battaramulla,LK-11
MOH-11092,Kaduwela,LK-11
MOH-11121,Homagama,LK-11
MOH-11122,Kahathuduwa,LK-11
MOH-11150,Hanwella,LK-11
MOH-11180,Padukka,LK-11
MOH-11211,Maharagama,LK-11
MOH-11212,Pitakotte,LK-11
MOH-11241,Nugegoda,LK-11
MOH-11300,Dehiwala,LK-11
MOH-11310,Rathmalana,LK-11
MOH-11330,Moratuwa,LK-11
MOH-11361,Boralesgamuwa,LK-11
MOH-11362,Piliyandala,LK-11
MOH-12030,Negambo,LK-12
MOH-12061,Katana,LK-12
MOH-12062,Seeduwa,LK-12
MOH-12090,Divulapitiya,LK-12
MOH-12120,Mirigama,LK-12
MOH-12150,Minuwangoda,LK-12
MOH-12181,Ragama,LK-12
MOH-12182,Wattala,LK-12
MOH-12211,Ja-Ela,LK-12
MOH-12240,Gampaha,LK-12
MOH-12270,Attanagalla,LK-12
MOH-12300,Dompe,LK-12
MOH-12330,Mahara,LK-12
MOH-12360,Kelaniya,LK-12
MOH-12390,Biyagama,LK-12
MOH-13031,Panadura,LK-13
MOH-13060,Bandaragama,LK-13
MOH-13090,Horana,LK-13
MOH-13100,Ingiriya,LK-13
MOH-13120,Bulathsinhala,LK-13
MOH-13151,Madurawala,LK-13
MOH-13211,Kalutara,LK-13
MOH-13240,Beruwala,LK-13
MOH-13272,Mathugama,LK-13
MOH-13330,Agalawatta,LK-13
MOH-13360,Palindanuwara,LK-13
MOH-13390,Walallawita,LK-13
MOH-21030,Thumpane,LK-21
MOH-21060,Poojapitiya,LK-21
MOH-21090,Akurana,LK-21
MOH-21120,Pathadumbara,LK-21
MOH-21150,Panvila,LK-21
MOH-21180,Udadumbara,LK-21
MOH-21210,Minipe,LK-21
MOH-21240,Medadumbara,LK-21
MOH-21271,Kundasale,LK-21
MOH-21272,Menikhinna,LK-21
MOH-21300,Kandy Four Gravets & Gangawata Korale,LK-21
MOH-21330,Harispattuwa,LK-21
MOH-21340,Hatharaliyadda,LK-21
MOH-21360,Yatinuwara,LK-21
MOH-21391,Bambaradeniya,LK-21
MOH-21392,Udunuwara,LK-21
MOH-21420,Doluwa,LK-21
MOH-21450,Pathahewaheta,LK-21
MOH-21480,Delthota,LK-21
MOH-21510,Udapalatha,LK-21
MOH-21540,Ganga Ihala Korale,LK-21
MOH-21570,Pasbage Korale,LK-21
MOH-22030,Galewela,LK-22
MOH-22060,Dambulla,LK-22
MOH-22090,Naula,LK-22
MOH-22120,Pallepola,LK-22
MOH-22150,Yatawatta,LK-22
MOH-22180,Matale,LK-22
MOH-22210,Ambanganga Korale,LK-22
MOH-22240,Laggala-Pallegama,LK-22
MOH-22270,Wilgamuwa,LK-22
MOH-22300,Rattota,LK-22
MOH-22330,Ukuwela,LK-22
MOH-23031,Kothmale,LK-23
MOH-23032,Nawathispane,LK-23
MOH-23061,Hanguranketha,LK-23
MOH-23062,Mathurata,LK-23
MOH-23091,Ragala,LK-23
MOH-23092,Walapane,LK-23
MOH-23121,Kotagala,LK-23
MOH-23122,Lindula,LK-23
MOH-23123,Nuwara Eliya,LK-23
MOH-23124,Nuwara Eliya MC,LK-23
MOH-23151,Ambagamuwa,LK-23
MOH-23152,Bogawanthalawa,LK-23
MOH-23153,Maskeliya,LK-23
MOH-31030,Bentota,LK-31
MOH-31060,Balapitiya,LK-31
MOH-31090,Karandeniya,LK-31
MOH-31120,Elpitiya,LK-31
MOH-31150,Niyagama,LK-31
MOH-31180,Thawalama,LK-31
MOH-31210,Neluwa,LK-31
MOH-31240,Nagoda,LK-31
MOH-31270,Baddegama,LK-31
MOH-31300,Welivitiya-Divithura,LK-31
MOH-31330,Ambalangoda,LK-31
MOH-31340,Gonapinuwala,LK-31
MOH-31361,Hikkaduwa,LK-31
MOH-31362,Rathgama,LK-31
MOH-31390,Galle Four Gravets,LK-31
MOH-31420,Bope-Poddala,LK-31
MOH-31450,Akmeemana,LK-31
MOH-31480,Yakkalamulla,LK-31
MOH-31510,Imaduwa,LK-31
MOH-31540,Habaraduwa,LK-31
MOH-32030,Pitabeddara,LK-32
MOH-32060,Kotapola,LK-32
MOH-32090,Pasgoda,LK-32
MOH-32121,Mulatiyana,LK-32
MOH-32151,Athuraliya,LK-32
MOH-32180,Akuressa,LK-32
MOH-32210,Welipitiya,LK-32
MOH-32240,Malimbada,LK-32
MOH-32270,Kamburupitiya,LK-32
MOH-32300,Hakmana,LK-32
MOH-32330,Kirinda Puhulwella,LK-32
MOH-32360,Thihagoda,LK-32
MOH-32390,Weligama,LK-32
MOH-32421,Matara MC,LK-32
MOH-32422,Matara PS,LK-32
MOH-32451,Devinuwara,LK-32
MOH-32452,Dickwella,LK-32
MOH-33030,Sooriyawewa,LK-33
MOH-33060,Lunugamvehera,LK-33
MOH-33090,Tissamaharama,LK-33
MOH-33120,Hambantota,LK-33
MOH-33150,Ambalantota,LK-33
MOH-33180,Angunukolapeles,LK-33
MOH-33210,Weeraketiya,LK-33
MOH-33240,Katuwana,LK-33
MOH-33250,Walasmulla,LK-33
MOH-33270,Okewela,LK-33
MOH-33300,Beliatta,LK-33
MOH-33330,Tangalle,LK-33
MOH-41031,Kayts,LK-41
MOH-41060,Chankanai,LK-41
MOH-41090,Sandilipay,LK-41
MOH-41120,Tellipalai,LK-41
MOH-41150,Uduvil,LK-41
MOH-41180,Kopay,LK-41
MOH-41211,Karaveddy,LK-41
MOH-41212,Point Pedro,LK-41
MOH-41300,Chavakachcheri,LK-41
MOH-41330,Nallur,LK-41
MOH-41360,Jaffna,LK-41
MOH-42030,Mannar Town,LK-42
MOH-42060,Manthai West,LK-42
MOH-42090,Madhu,LK-42
MOH-42120,Nanattan,LK-42
MOH-42150,Musalai,LK-42
MOH-43031,Vavuniya North,LK-43
MOH-43032,Welioya,LK-43
MOH-43060,Vavuniya South,LK-43
MOH-43090,Vavuniya,LK-43
MOH-43120,Cheddikulam,LK-43
MOH-44030,Mallavi,LK-44
MOH-44060,Manthai East,LK-44
MOH-44090,Puthukkudiyiruppu,LK-44
MOH-44120,Oddusuddan,LK-44
MOH-44150,Mullaitivu,LK-44
MOH-45030,Palai,LK-45
MOH-45060,Kandawalai,LK-45
MOH-45090,Kilinochchi,LK-45
MOH-45120,Poonakary,LK-45
MOH-51030,Vakarai,LK-51
MOH-51040,Koralaipattu ( Oddmavadi Central ),LK-51
MOH-51060,Kiran,LK-51
MOH-51090,Ottamavadi,LK-51
MOH-51100,Valaichenai,LK-51
MOH-51120,Chenkalady,LK-51
MOH-51150,Eravur,LK-51
MOH-51180,Batticaloa,LK-51
MOH-51210,Vavunathivu,LK-51
MOH-51240,Kattankudy,LK-51
MOH-51270,Arayampathy,LK-51
MOH-51300,Paddipalai,LK-51
MOH-51330,Vellaveli,LK-51
MOH-51360,Kaluwanchikudy,LK-51
MOH-52030,Dehiyathakandiya,LK-52
MOH-52060,Padiyathalawa,LK-52
MOH-52090,Mahaoya,LK-52
MOH-52120,Uhana,LK-52
MOH-52150,Ampara,LK-52
MOH-52160,Navithanveli,LK-52
MOH-52180,Sammanthurai,LK-52
MOH-52241,Kalmunai South ( Muslim Div ),LK-52
MOH-52242,Kalnumai North ( Tamil Div ),LK-52
MOH-52250,Sainthamaruthu,LK-52
MOH-52270,Karaithivu,LK-52
MOH-52300,Ninthavur,LK-52
MOH-52330,Addachchenai,LK-52
MOH-52340,Irakkamam,LK-52
MOH-52360,Akkaraipattu,LK-52
MOH-52390,Alayadivembu,LK-52
MOH-52420,Damana,LK-52
MOH-52450,Thirukkovil,LK-52
MOH-52480,Pottuvil,LK-52
MOH-52510,Lahugala,LK-52
MOH-53031,Padavi Sri Pura,LK-53
MOH-53061,Kuchchaveli,LK-53
MOH-53091,Gomarankadawala,LK-53
MOH-53152,Seruvila,LK-53
MOH-53153,Trincomalee,LK-53
MOH-53154,Uppuveli,LK-53
MOH-53180,Thampalagamam,LK-53
MOH-53210,Kanthale,LK-53
MOH-53240,Kinniya,LK-53
MOH-53272,Muthur,LK-53
MOH-53330,Eachchilampatru,LK-53
MOH-61030,Giribawa,LK-61
MOH-61061,Galgamuwa,LK-61
MOH-61120,Ambanpola,LK-61
MOH-61150,Kotawehera,LK-61
MOH-61181,Nikaweratiya,LK-61
MOH-61240,Mahawa,LK-61
MOH-61270,Polpithigama,LK-61
MOH-61300,Ibbagamuwa,LK-61
MOH-61330,Ganewatta,LK-61
MOH-61360,Wariyapola,LK-61
MOH-61390,Kobeigane,LK-61
MOH-61420,Bingiriya,LK-61
MOH-61451,Panduwasnuwara,LK-61
MOH-61491,Bamunukotuwa,LK-61
MOH-61492,Katupotha,LK-61
MOH-61510,Maspotha,LK-61
MOH-61540,Kurunegala,LK-61
MOH-61570,Mallawapitiya,LK-61
MOH-61600,Mawathagama,LK-61
MOH-61631,Galnewa,LK-61
MOH-61632,Rideegama,LK-61
MOH-61660,Weerambugedara,LK-61
MOH-61691,Kuliyapitiya,LK-61
MOH-61750,Udubaddawa,LK-61
MOH-61780,Pannala,LK-61
MOH-61810,Narammala,LK-61
MOH-61840,Alawwa,LK-61
MOH-61870,Polgahawela,LK-61
MOH-62030,Kalpitiya,LK-62
MOH-62061,Puttalam,LK-62
MOH-62091,Karuwalagaswewa,LK-62
MOH-62180,Mundalama,LK-62
MOH-62211,Anamaduwa,LK-62
MOH-62270,Pallama,LK-62
MOH-62300,Arachchikattuwa,LK-62
MOH-62331,Chilaw,LK-62
MOH-62390,Mahawewa,LK-62
MOH-62420,Nattandiya,LK-62
MOH-62450,Wennappuwa,LK-62
MOH-62480,Dankotuwa,LK-62
MOH-71030,Padaviya,LK-71
MOH-71060,Kebithigollewa,LK-71
MOH-71090,Medawachchiya,LK-71
MOH-71121,Nuwaragam Palatha Central,LK-71
MOH-71180,Rambewa,LK-71
MOH-71210,Kahatagasdigiliya,LK-71
MOH-71240,Horowpothana,LK-71
MOH-71270,Galenbidunuwawe,LK-71
MOH-71300,Mihintale,LK-71
MOH-71331,Nuwaragam Palatha East,LK-71
MOH-71362,Thirappane,LK-71
MOH-71390,Nochchiyagama,LK-71
MOH-71420,Rajanganaya,LK-71
MOH-71450,Thambuttegama,LK-71
MOH-71480,Thalawa,LK-71
MOH-71541,Kekirawa,LK-71
MOH-71600,Ipalogama,LK-71
MOH-71660,Palagala,LK-71
MOH-72030,Hingurakgoda,LK-72
MOH-72060,Medirigiriya,LK-72
MOH-72090,Lankapura,LK-72
MOH-72100,Welikanda,LK-72
MOH-72120,Dimbulagala,LK-72
MOH-72150,Thamankaduwa,LK-72
MOH-72180,Elahera,LK-72
MOH-81031,Girandurukotte,LK-81
MOH-81032,Mahiyanganaya,LK-81
MOH-81060,Rideemaliyadda,LK-81
MOH-81090,Meegahakivula,LK-81
MOH-81120,Kandaketiya,LK-81
MOH-81150,Soranathota,LK-81
MOH-81180,Passara,LK-81
MOH-81190,Lunugala,LK-81
MOH-81210,Badulla,LK-81
MOH-81240,Haliela,LK-81
MOH-81270,Uva Paranagama,LK-81
MOH-81300,Welimada,LK-81
MOH-81330,Bandarawela,LK-81
MOH-81360,Ella,LK-81
MOH-81390,Haputhale,LK-81
MOH-81420,Haldummulla,LK-81
MOH-82030,Bibila,LK-82
MOH-82060,Madulla,LK-82
MOH-82091,Monaragala,LK-82
MOH-82120,Siyambalanduwa,LK-82
MOH-82180,Badalkumbura,LK-82
MOH-82210,Wellawaya,LK-82
MOH-82240,Buttala,LK-82
MOH-82270,Kataragama,LK-82
MOH-82300,Thanamalwila,LK-82
MOH-82330,Sevanagala,LK-82
MOH-91030,Eheliyagoda,LK-91
MOH-91060,Kuruwita,LK-91
MOH-91090,Kiriella,LK-91
MOH-91121,Pelmadulla,LK-91
MOH-91122,Ratnapura,LK-91
MOH-91123,Ratnapura-Mc,LK-91
MOH-91150,Imbulpe,LK-91
MOH-91180,Balangoda,LK-91
MOH-91210,Opanayaka,LK-91
MOH-91270,Elapatha,LK-91
MOH-91300,Ayagama,LK-91
MOH-91330,Kalawana,LK-91
MOH-91360,Nivithigala,LK-91
MOH-91390,Kahawaththa,LK-91
MOH-91420,Godakawela,LK-91
MOH-91450,Weligepola,LK-91
MOH-91480,Embilipitiya,LK-91
MOH-91510,Kolonna,LK-91
MOH-92030,Rambukkana,LK-92
MOH-92060,Mawanella,LK-92
MOH-92091,Aranayaka,LK-92
MOH-92092,Kegalle,LK-92
MOH-92150,Galigamuwa,LK-92
MOH-92180,Warakapola,LK-92
MOH-92210,Ruwanwella,LK-92
MOH-92240,Bulathkohupitiya,LK-92
MOH-92270,Yatiyanthota,LK-92
MOH-92300,Dehiovita,LK-92
MOH-92330,Deraniyagala,LK-92
